POST /onvif/Media HTTP/1.1
Host: %s
Content-Type: application/soap+xml; charset=utf-8
Content-Length: %d

<?xml version="1.0" encoding="utf-8"?><s:Envelope xmlns:s="http://www.w3.org/2003/05/soap-envelope"><s:Header><wsse:Security xmlns:wsse="http://docs.oasis-open.org/wss/2004/01/oasis-200401-wss-wssecurity-secext-1.0.xsd" xmlns:wsu="http://docs.oasis-open.org/wss/2004/01/oasis-200401-wss-wssecurity-utility-1.0.xsd"><wsse:UsernameToken><wsse:Username>%s</wsse:Username><wsse:Password Type="http://docs.oasis-open.org/wss/2004/01/oasis-200401-wss-username-token-profile-1.0#PasswordDigest">%s</wsse:Password><wsse:Nonce>%s</wsse:Nonce><wsu:Created>%s</wsu:Created></wsse:UsernameToken></wsse:Security></s:Header><s:Body xmlns:xsi="http://www.w3.org/2001/XMLSchema-instance" xmlns:xsd="http://www.w3.org/2001/XMLSchema"><GetProfiles xmlns="http://www.onvif.org/ver10/media/wsdl"/></s:Body></s:Envelope>